Title,Description
Increase Brand Awareness, Aim to significantly boost brand recognition and recall.
Boost Engagement Rates, Achieve higher interaction levels with your content across platforms.
Improve Conversion Rates, Enhance the percentage of visitors completing a desired action.
Lower Customer Acquisition Cost, Reduce the cost involved in acquiring new customers.
Maximize Return on Investment, Achieve a higher profitability from the marketing campaign.
Expand Website Traffic, Significantly increase the number of visitors and page views.
Grow Social Media Following, Achieve a substantial increase in social media followers.
Enhance Email Campaign Effectiveness, Increase email open and click-through rates.
Accelerate Lead Generation, Generate a higher number of quality leads.
Increase Customer Retention, Improve the rate at which existing customers stay engaged with the brand.
Elevate Net Promoter Score, Boost customer satisfaction and loyalty ratings.
Reduce Bounce Rate, Lower the percentage of single-page sessions on your website.
Climb Organic Search Rankings, Improve your search engine result page positions.
Strengthen Influencer Engagement, Enhance the impact and reach of influencer collaborations.
Boost Event Attendance, Increase the number of attendees for marketing events.
Enhance Content Shareability, Increase the frequency of content being shared on social media.
Expand Market Share, Grow your brand's market share.
Optimize Cost Per Lead, Improve the cost-effectiveness of generating leads.
Increase Customer Lifetime Value, Enhance the total revenue generated from each customer.
Improve Sentiment Analysis Scores, Achieve more positive sentiment and feedback regarding the brand or campaign.
Reduce Churn Rate, Aim to lower the rate at which customers stop using our product.
Increase Monthly Recurring Revenue, Boost the predictable revenue generated each month.
Improve Customer Lifetime Value, Enhance the total revenue expected from a single customer.
Enhance Customer Engagement, Increase user interaction with the SaaS platform.
Expand Active User Base, Grow the number of actively engaged users.
Boost Free to Paid Conversion, Increase the rate at which free users convert to paid plans.
Decrease Customer Acquisition Cost, Reduce the expense of acquiring new customers.
Increase Average Revenue Per User, Boost the average revenue generated from each user.
Enhance Feature Adoption, Encourage more users to utilize specific features of the product.
Improve Net Promoter Score (NPS), Increase customer satisfaction and likelihood of recommending the product.
Expand Up-Sell and Cross-Sell Rates, Increase sales of additional features or products to existing customers.
Strengthen Customer Support Satisfaction, Improve customer satisfaction with support services.
Increase Trial Sign-Ups, Boost the number of users signing up for a trial version.
Improve Onboarding Effectiveness, Enhance the user experience during initial product use.
Reduce Time to Value (TTV), Shorten the time users take to derive value from the product.
Enhance User Retention, Increase the rate at which existing users continue using the product.
Increase API Integrations, Encourage more integrations with other services and platforms.
Boost Community Engagement, Increase participation in user forums and community platforms.
Improve Product Update Adoption, Increase the rate at which users adopt new updates and features.
Strengthen Account Expansion, Focus on growing revenue from existing accounts through upgrades or additional services.
Product Launch," Successfully introduce a new product to the market, achieving targeted awareness and initial user adoption rates."
Increase Organic Traffic," Boost the number of visitors to your website through non-paid search engine results, indicating effective SEO and content strategies."
Reduce Average Deal Length," Shorten the sales cycle, enabling faster closure of deals and more efficient conversion of prospects to customers."
Increase MQLs (Marketing Qualified Leads), Generate a higher quantity of leads considered likely to become customers based on marketing criteria and behaviors.
Increase Leads from Executives," Attract more inquiries and interest from executive-level prospects, indicating higher-level engagement and potential for larger deals."
Celebrate the Internal Team," Create initiatives or campaigns to acknowledge and appreciate the contributions of your internal team, boosting morale and motivation."
Drive Expansion inside our Customers," Encourage existing customers to upgrade, purchase additional products or services, or expand their usage, thereby increasing their lifetime value."
Educate New Users, Implement effective onboarding processes and educational materials that help new users understand and engage with your product more quickly and deeply.
Increase Brand Love with Developers," Build a stronger, more positive brand perception among the developer community, leading to increased adoption and advocacy."
Get More Developer Taste Makers," Attract influential developers who can champion your product within their communities, leading to organic growth and credibility."
Increase PQLs (Product Qualified Leads), Boost the number of users who have experienced the value of your product firsthand and are more likely to convert into paying customers.
Increase Quality of Leads," Focus on attracting leads that are more likely to convert based on their fit and interest level, rather than just increasing lead quantity."
Increase Product Sign-Ups, Boost the number of new sign-ups directly through product use.
Grow Viral Coefficient, Increase the rate at which users refer others to the product.
Improve User Onboarding Experience, Enhance the initial experience to retain more users from the start.
Expand Feature Utilization, Encourage users to use more features more frequently.
Increase Daily Active Users (DAU), Grow the number of users who engage with the product daily.
Boost Weekly Active Users (WAU), Increase the number of weekly engaged users.